Language,,,,,,,,,,,,,,,,,,,,,,,,,,,,,,,,,,,,,,,,,,,,,,,,,,,,,,,,,,,,,,,,,,,,,,,,,,,,,,,,,,,,,,,,,,,,,,,,,,,,,,,,,,,,,,,,,,,,,,,,,,,,,,,,,,,,,,,,,,,,,,,,,,,,,,,,,,,,,,,,,,,,,,,,,,,,,,,,,,,,,,,,,,,,,,,,,,,,,,,,,,,,,,,,,,,,,,,,,,,,,,,,,,,,,,,,,,,,,,,,,,,,,,,,,,,,,,,,,,,,,,,,,,,,,,,,,,,,,,,,,,,,,,,,,,,,,,,,,,,,,,,,,,,,,,,,,,,,,,,,,,,,,,,,,,,,,,,,,,,,,,,,,,,,,,,,,,,,,,,,,,,,,,,,,,,,,,,,,,,,,,,,,,,,,,,,,,,,,,,,,,,,,,,,,,,,,,,,,,,,,,,,,,,,,,,,,,,,,,,,,,,,,,,,,,,,,,,,,,,,,,,,,,,,,,,,,,,,,,,,,,,,,,,,,,,,,,,,,,,,,,,,,,,,,,,,,,,,,,,,,,,,,,,,,,,,,,,,,,,,,,,,,,,,,,,,,,,,,,,,,,,,,,,,,,,
,,,,,,,,,,,,,,,,,,,,,,,,,,,,,,,,,,,,,,,,,,,,,,,,,,,,,,,,,,,,,,,,,,,,,,,,,,,,,,,,,,,,,,,,,,,,,,,,,,,,,,,,,,,,,,,,,,,,,,,,,,,,,,,,,,,,,,,,,,,,,,,,,,,,,,,,,,,,,,,,,,,,,,,,,,,,,,,,,,,,,,,,,,,,,,,,,,,,,,,,,,,,,,,,,,,,,,,,,,,,,,,,,,,,,,,,,,,,,,,,,,,,,,,,,,,,,,,,,,,,,,,,,,,,,,,,,,,,,,,,,,,,,,,,,,,,,,,,,,,,,,,,,,,,,,,,,,,,,,,,,,,,,,,,,,,,,,,,,,,,,,,,,,,,,,,,,,,,,,,,,,,,,,,,,,,,,,,,,,,,,,,,,,,,,,,,,,,,,,,,,,,,,,,,,,,,,,,,,,,,,,,,,,,,,,,,,,,,,,,,,,,,,,,,,,,,,,,,,,,,,,,,,,,,,,,,,,,,,,,,,,,,,,,,,,,,,,,,,,,,,,,,,,,,,,,,,,,,,,,,,,,,,,,,,,,,,,,,,,,,,,,,,,,,,,,,,,,,,,,,,,,,,,,,,,,
Language,English  ,,,,,,,,,,,,,,,,,,,,,,,,,,,,,,,,,,,,,,,,,,,,,,,,,,,,,,,,,,,,,,,,,,,,,,,,,,,,,,,,,,,,,,,,,,,,,,,,,,,,,,,,,,,,,,,,,,,,,,,,,,,,,,,,,,,,,,,,,,,,,,,,,,,,,,,,,,,,,,,,,,,,,,,,,,,,,,,,,,,,,,,,,,,,,,,,,,,,,,,,,,,,,,,,,,,,,,,,,,,,,,,,,,,,,,,,,,,,,,,,,,,,,,,,,,,,,,,,,,,,,,,,,,,,,,,,,,,,,,,,,,,,,,,,,,,,,,,,,,,,,,,,,,,,,,,,,,,,,,,,,,,,,,,,,,,,,,,,,,,,,,,,,,,,,,,,,,,,,,,,,,,,,,,,,,,,,,,,,,,,,,,,,,,,,,,,,,,,,,,,,,,,,,,,,,,,,,,,,,,,,,,,,,,,,,,,,,,,,,,,,,,,,,,,,,,,,,,,,,,,,,,,,,,,,,,,,,,,,,,,,,,,,,,,,,,,,,,,,,,,,,,,,,,,,,,,,,,,,,,,,,,,,,,,,,,,,,,,,,,,,,,,,,,,,,,,,,,,,,,,,,,,,,,,,,
hello,world,good,morning,night,afternoon,evening,yes,no,please,thank,you,welcome,sorry,excuse,help,friend,family,love,happy,sad,angry,tired,hungry,thirsty,busy,free,ready,wait,stop,go,come,leave,stay,start,end,open,close,buy,sell,give,take,call,write,read,speak,listen,hear,see,watch,walk,run,sit,stand,lie,eat,drink,play,work,study,learn,teach,ask,answer,know,understand,remember,forget,think,believe,hope,dream,try,fail,succeed,win,lose,live,die,find,lose,make,build,create,fix,break,change,improve,clean,dirty,soft,hard,light,dark,fast,slow,near,far,hot,cold,warm,cool,big,small,tall,short,old,young,new,old,beautiful,ugly,strong,weak,rich,poor,smart,stupid,kind,mean,polite,rude,quiet,loud,funny,serious,nice,bad,good,best,better,worse,same,different,right,wrong,easy,difficult,possible,impossible,early,late,soon,always,never,often,sometimes,rarely,once,twice,again,today,yesterday,tomorrow,monday,tuesday,wednesday,thursday,friday,saturday,sunday,january,february,march,april,may,june,july,august,september,october,november,december,day,night,week,month,year,decade,century,morning,noon,afternoon,evening,midnight,dawn,dusk,now,then,here,there,where,why,how,what,which,who,whom,whose,this,that,these,those,any,all,every,none,some,many,few,most,least,more,less,first,last,next,previous,high,low,left,right,up,down,inside,outside,above,below,under,over,beside,between,behind,front,after,before,through,around,nearby,father,mother,brother,sister,son,daughter,uncle,aunt,cousin,nephew,niece,husband,wife,boy,girl,man,woman,child,baby,friend,enemy,teacher,student,worker,boss,doctor,nurse,engineer,artist,singer,dancer,actor,writer,driver,cook,farmer,police,soldier,firefighter,lawyer,judge,pilot,scientist,researcher,speaker,listener,reader,viewer,player,singer,runner,jumper,dreamer,thinker,leader,follower,helper,fixer,breaker,creator,destroyer,maker,changer,doer,actor,planner,organizer,analyzer,problem,solution,question,answer,idea,thought,plan,dream,goal,task,job,work,project,mission,journey,trip,travel,holiday,vacation,party,celebration,festival,game,competition,sport,exercise,fun,hobby,interest,pastime,passion,habit,routine,choice,decision,action,event,incident,accident,experience,adventure,story,legend,myth,fact,truth,lie,fiction,nonfiction,poem,song,music,book,magazine,newspaper,letter,document,report,essay,article,blog,post,video,movie,show,series,program,channel,stream,news,message,comment,feedback,review,critique,questionnaire,survey,test,quiz,exam,challenge,puzzle,riddle,game,competition,prize,award,trophy,certificate,badge,medal,belt,ring,crown,hat,cap,mask,glasses,sunglasses,watch,clock,time,date,day,week,month,year,century,decade,minute,second,hour,moment,era,age,season,winter,spring,summer,autumn,weather,climate,temperature,heat,cold,rain,snow,wind,storm,fog,cloud,sun,mountain,river,sea,sky,earth,world,nature,forest,tree,flower,plant,animal,bird,fish,insect,pet,dog,cat,cow,horse,lion,tiger,elephant,zebra,monkey,fish,snake,mouse,rabbit,deer,fox,wolf,bear,crocodile,dolphin,whale,shark,eagle,parrot,peacock,owl,pigeon,sparrow,crow,butterfly,ant,bee,spider,frog,turtle,crab,octopus,squid,food,drink,water,milk,juice,tea,coffee,wine,beer,cake,bread,rice,meat,chicken,fish,egg,vegetable,fruit,sugar,salt,pepper,spice,oil,butter,cheese,ice,cream,soup,salad,pasta,pizza,sandwich,hamburger,chips,french,fries,chocolate,candy,sweets,dessert,snack,breakfast,lunch,dinner,picnic,potluck,potato,carrot,onion,tomato,cabbage,spinach,apple,banana,orange,grape,lemon,mango,pear,peach,plum,cherry,strawberry,blueberry,blackberry,raspberry,watermelon,melon,pineapple,coconut,papaya,guava,kiwi,dragon,fruit,durian,avocado,lychee,pomegranate,are,hey,is
,,,,,,,,,,,,,,,,,,,,,,,,,,,,,,,,,,,,,,,,,,,,,,,,,,,,,,,,,,,,,,,,,,,,,,,,,,,,,,,,,,,,,,,,,,,,,,,,,,,,,,,,,,,,,,,,,,,,,,,,,,,,,,,,,,,,,,,,,,,,,,,,,,,,,,,,,,,,,,,,,,,,,,,,,,,,,,,,,,,,,,,,,,,,,,,,,,,,,,,,,,,,,,,,,,,,,,,,,,,,,,,,,,,,,,,,,,,,,,,,,,,,,,,,,,,,,,,,,,,,,,,,,,,,,,,,,,,,,,,,,,,,,,,,,,,,,,,,,,,,,,,,,,,,,,,,,,,,,,,,,,,,,,,,,,,,,,,,,,,,,,,,,,,,,,,,,,,,,,,,,,,,,,,,,,,,,,,,,,,,,,,,,,,,,,,,,,,,,,,,,,,,,,,,,,,,,,,,,,,,,,,,,,,,,,,,,,,,,,,,,,,,,,,,,,,,,,,,,,,,,,,,,,,,,,,,,,,,,,,,,,,,,,,,,,,,,,,,,,,,,,,,,,,,,,,,,,,,,,,,,,,,,,,,,,,,,,,,,,,,,,,,,,,,,,,,,,,,,,,,,,,,,,,,,,,
Language,Spanish  ,,,,,,,,,,,,,,,,,,,,,,,,,,,,,,,,,,,,,,,,,,,,,,,,,,,,,,,,,,,,,,,,,,,,,,,,,,,,,,,,,,,,,,,,,,,,,,,,,,,,,,,,,,,,,,,,,,,,,,,,,,,,,,,,,,,,,,,,,,,,,,,,,,,,,,,,,,,,,,,,,,,,,,,,,,,,,,,,,,,,,,,,,,,,,,,,,,,,,,,,,,,,,,,,,,,,,,,,,,,,,,,,,,,,,,,,,,,,,,,,,,,,,,,,,,,,,,,,,,,,,,,,,,,,,,,,,,,,,,,,,,,,,,,,,,,,,,,,,,,,,,,,,,,,,,,,,,,,,,,,,,,,,,,,,,,,,,,,,,,,,,,,,,,,,,,,,,,,,,,,,,,,,,,,,,,,,,,,,,,,,,,,,,,,,,,,,,,,,,,,,,,,,,,,,,,,,,,,,,,,,,,,,,,,,,,,,,,,,,,,,,,,,,,,,,,,,,,,,,,,,,,,,,,,,,,,,,,,,,,,,,,,,,,,,,,,,,,,,,,,,,,,,,,,,,,,,,,,,,,,,,,,,,,,,,,,,,,,,,,,,,,,,,,,,,,,,,,,,,,,,,,,,,,,,,
hola,mundo,buenos,días,tardes,noches,sí,no,por,favor,gracias,de,nada,perdón,disculpa,ayuda,amigo,familia,amor,feliz,triste,enojado,cansado,hambriento,sediento,ocupado,libre,listo,esperar,detener,ir,venir,salir,quedarse,empezar,terminar,abrir,cerrar,comprar,vender,dar,tomar,llamar,escribir,leer,hablar,escuchar,oír,ver,mirar,caminar,correr,sentar,parar,acostar,comer,beber,jugar,trabajar,estudiar,aprender,enseñar,preguntar,responder,saber,entender,recordar,olvidar,pensar,creer,esperar,soñar,intentar,fallar,triunfar,ganar,perder,vivir,morir,encontrar,perder,hacer,construir,crear,arreglar,romper,cambiar,mejorar,limpiar,sucio,suave,duro,ligero,oscuro,rápido,lento,cerca,lejos,caliente,frío,tibio,fresco,grande,pequeño,alto,bajo,viejo,joven,nuevo,hermoso,feo,fuerte,débil,rico,pobre,inteligente,tonto,amable,cruel,educado,grosero,silencioso,ruidoso,gracioso,serio,bueno,malo,mejor,peor,igual,diferente,correcto,incorrecto,fácil,difícil,posible,imposible,temprano,tarde,pronto,siempre,nunca,a,menudo,algunas,veces,rara,vez,una,dos,otra,hoy,ayer,mañana,lunes,martes,miércoles,jueves,viernes,sábado,domingo,enero,febrero,marzo,abril,mayo,junio,julio,agosto,septiembre,octubre,noviembre,diciembre,día,noche,semana,mes,año,década,siglo,mañana,mediodía,tarde,noche,madrugada,crepúsculo,ahora,entonces,aquí,allí,dónde,por,qué,cómo,qué,cuál,quién,aquél,este,esa,aquellos,estos,ninguno,algunos,muchos,pocos,la,mayoría,el,primero,último,siguiente,anterior,alto,bajo,izquierda,derecha,arriba,abajo,dentro,fuera,encima,debajo,de,bajo,cerca,lejos,padre,madre,hermano,hermana,hijo,hija,tío,tía,primo,sobrino,sobrina,esposo,esposa,chico,chica,hombre,mujer,niño,bebé,amigo,enemigo,profesor,estudiante,trabajador,jefe,médico,enfermera,ingeniero,artista,cantante,bailarín,actor,escritor,conductor,cocinero,granjero,policía,soldado,bombero,abogado,juez,piloto,científico,investigador,orador,oyente,lector,espectador,jugador,corredor,soñador,pensador,líder,seguidor,ayudante,creador,destructor,constructor,cambiador,hacedor,actor,planificador,organizador,analista,problema,solución,pregunta,respuesta,idea,pensamiento,plan,sueño,objeto,tarea,trabajo,proyecto,misión,viaje,excursión,aventura,historia,leyenda,mito,hecho,verdad,mentira,ficción,poema,canción,música,libro,revista,periódico,carta,documento,ensayo,artículo,video,película,serie,programa,canal,noticias,mensaje,comentario,opinión,respuesta,encuesta,examen,desafío,juego,competición,premio,trofeo,certificado,medalla,reloj,tiempo,fecha,era,estación,invierno,primavera,verano,otoño,clima,temperatura,calor,frío,lluvia,nieve,viento,tormenta,nube,sol,montaña,mar,cielo,tierra,mundo,naturaleza,bosque,árbol,flor,planta,animal,pájaro,pez,insecto,mascota,perro,gato,vaca,caballo,león,tigre,elefante,zorro,oso,cocodrilo,delfín,águila,loro,pavo,buho,paloma,cuervo,mariposa,hormiga,abeja,araña,alimentos,bebidas,agua,leche,jugo,té,café,vino,cerveza,pastel,pan,arroz,carne,pollo,huevo,vegetal,fruta,azúcar,sal,aceite,mantequilla,queso,sopa,ensalada,pasta,pizza,sándwich,hamburguesa,chocolate,dulce,postre,desayuno,almuerzo,cena,manzana,banana,naranja,uva,limón,mango,pera,melón,pina,coco,papaya,kiwi,granada,,,,,,,,,,,,,,,,,,,,,,,,,,,,,,,,,,,,,,,,,,,,,,,,,,,,,,,,,,,,,,,,,,,,,,,,,,,,,,,,,,,,,,,,,,,,,,,,,,,,,,,,,,,,,,,,,,,,,,,,,,,,,,,,¿cómo,estás,¿qué,estás,haciendo,está,bien
,,,,,,,,,,,,,,,,,,,,,,,,,,,,,,,,,,,,,,,,,,,,,,,,,,,,,,,,,,,,,,,,,,,,,,,,,,,,,,,,,,,,,,,,,,,,,,,,,,,,,,,,,,,,,,,,,,,,,,,,,,,,,,,,,,,,,,,,,,,,,,,,,,,,,,,,,,,,,,,,,,,,,,,,,,,,,,,,,,,,,,,,,,,,,,,,,,,,,,,,,,,,,,,,,,,,,,,,,,,,,,,,,,,,,,,,,,,,,,,,,,,,,,,,,,,,,,,,,,,,,,,,,,,,,,,,,,,,,,,,,,,,,,,,,,,,,,,,,,,,,,,,,,,,,,,,,,,,,,,,,,,,,,,,,,,,,,,,,,,,,,,,,,,,,,,,,,,,,,,,,,,,,,,,,,,,,,,,,,,,,,,,,,,,,,,,,,,,,,,,,,,,,,,,,,,,,,,,,,,,,,,,,,,,,,,,,,,,,,,,,,,,,,,,,,,,,,,,,,,,,,,,,,,,,,,,,,,,,,,,,,,,,,,,,,,,,,,,,,,,,,,,,,,,,,,,,,,,,,,,,,,,,,,,,,,,,,,,,,,,,,,,,,,,,,,,,,,,,,,,,,,,,,,,,,,
Language,French  ,,,,,,,,,,,,,,,,,,,,,,,,,,,,,,,,,,,,,,,,,,,,,,,,,,,,,,,,,,,,,,,,,,,,,,,,,,,,,,,,,,,,,,,,,,,,,,,,,,,,,,,,,,,,,,,,,,,,,,,,,,,,,,,,,,,,,,,,,,,,,,,,,,,,,,,,,,,,,,,,,,,,,,,,,,,,,,,,,,,,,,,,,,,,,,,,,,,,,,,,,,,,,,,,,,,,,,,,,,,,,,,,,,,,,,,,,,,,,,,,,,,,,,,,,,,,,,,,,,,,,,,,,,,,,,,,,,,,,,,,,,,,,,,,,,,,,,,,,,,,,,,,,,,,,,,,,,,,,,,,,,,,,,,,,,,,,,,,,,,,,,,,,,,,,,,,,,,,,,,,,,,,,,,,,,,,,,,,,,,,,,,,,,,,,,,,,,,,,,,,,,,,,,,,,,,,,,,,,,,,,,,,,,,,,,,,,,,,,,,,,,,,,,,,,,,,,,,,,,,,,,,,,,,,,,,,,,,,,,,,,,,,,,,,,,,,,,,,,,,,,,,,,,,,,,,,,,,,,,,,,,,,,,,,,,,,,,,,,,,,,,,,,,,,,,,,,,,,,,,,,,,,,,,,,,
bonjour,monde,merci,salut,oui,non,s’il,te,plaît,pardon,désolé,excusez-moi,aide,ami,famille,amour,heureux,triste,énervé,fatigué,affamé,assoiffé,occupé,libre,prêt,attendre,arrêter,aller,venir,sortir,rester,commencer,finir,ouvrir,fermer,acheter,vendre,donner,prendre,appeler,écrire,lire,parler,écouter,entendre,voir,regarder,marcher,courir,asseoir,arrêter,coucher,manger,boire,jouer,travail,étudier,apprendre,enseigner,demander,répondre,savoir,comprendre,se,souvenir,oublier,penser,croire,espérer,rêver,essayer,échouer,réussir,gagner,perdre,vivre,mourir,trouver,perdre,fabriquer,construire,créer,ranger,casser,changer,améliorer,nettoyer,sale,doux,dur,léger,sombre,rapide,lent,proche,loin,chaud,froid,tiède,frais,grand,petit,haut,bas,vieux,jeune,nouveau,beau,moche,fort,faible,riche,pauvre,intelligent,stupide,gentil,méchant,polie,impoli,silencieux,bruyant,drôle,sérieux,bon,mauvais,meilleur,pire,égal,différent,correct,faux,facile,difficile,possible,impossible,tôt,tard,bientôt,toujours,jamais,souvent,parfois,rarement,un,deux,autre,aujourd’hui,hier,demain,lundi,mardi,mercredi,jeudi,vendredi,samedi,dimanche,janvier,février,mars,avril,mai,juin,juillet,août,septembre,octobre,novembre,décembre,jour,nuit,semaine,mois,année,décennie,siècle,matin,après-midi,soir,nuit,aurore,crépuscule,maintenant,alors,ici,là,où,pourquoi,comment,quoi,lequel,qui,cela,ceci,celui-là,celle-ci,aucun,quelques,beaucoup,peu,la,plupart,premier,dernier,suivant,précédent,haut,bas,gauche,droite,au-dessus,au-dessous,à,près,loin,père,mère,frère,sœur,fils,fille,oncle,tante,cousin,neveu,nièce,mari,femme,garçon,fille,homme,femme,enfant,bébé,ami,ennemi,professeur,élève,travailleur,chef,médecin,infirmière,ingénieur,artiste,chanteur,danseur,acteur,écrivain,chauffeur,cuisinier,fermier,policier,soldat,pompier,avocat,juge,pilote,scientifique,chercheur,orateur,auditeur,lecteur,spectateur,joueur,coureur,rêveur,penseur,leader,suiveur,aideur,créateur,destructeur,bâtisseur,changeur,faiseur,acteur,planificateur,organisateur,analyste,problème,solution,question,réponse,idée,pensée,plan,rêve,objet,tâche,travail,projet,mission,voyage,excursion,aventure,histoire,légende,mythe,fait,vérité,mensonge,fiction,poème,chanson,musique,livre,magazine,journal,lettre,document,essai,article,vidéo,film,série,émission,chaîne,nouvelles,message,commentaire,opinion,réponse,sondage,examen,défi,jeu,compétition,prix,trophée,certificat,médaille,horloge,temps,date,ère,saison,hiver,printemps,été,automne,météo,température,chaud,froid,pluie,neige,vent,tempête,nuage,soleil,montagne,mer,ciel,terre,monde,nature,forêt,arbre,fleur,plante,animal,oiseau,poisson,insecte,chien,chat,vache,cheval,lion,tigre,éléphant,renard,ours,crocodile,dauphin,aigle,perroquet,paon,hibou,pigeon,corbeau,papillon,fourmi,abeille,araignée,nourriture,boissons,eau,lait,jus,thé,café,vin,bière,gâteau,pain,riz,viande,poulet,œuf,légume,fruit,sucre,sel,huile,beurre,fromage,soupe,salade,pâtes,pizza,sandwich,hamburger,chocolat,bonbon,dessert,pomme,banane,orange,raisin,citron,mangue,poire,melon,ananas,coco,papaye,kiwi,grenade,,,,,,,,,,,,,,,,,,,,,,,,,,,,,,,,,,,,,,,,,,,,,,,,,,,,,,,,,,,,,,,,,,,,,,,,,,,,,,,,,,,,,,,,,,,,,,,,,,,,,,,,,,,,,,,,,,,,,,,,,,,,,,,,,,,,,,,,,,,,,,,,
,,,,,,,,,,,,,,,,,,,,,,,,,,,,,,,,,,,,,,,,,,,,,,,,,,,,,,,,,,,,,,,,,,,,,,,,,,,,,,,,,,,,,,,,,,,,,,,,,,,,,,,,,,,,,,,,,,,,,,,,,,,,,,,,,,,,,,,,,,,,,,,,,,,,,,,,,,,,,,,,,,,,,,,,,,,,,,,,,,,,,,,,,,,,,,,,,,,,,,,,,,,,,,,,,,,,,,,,,,,,,,,,,,,,,,,,,,,,,,,,,,,,,,,,,,,,,,,,,,,,,,,,,,,,,,,,,,,,,,,,,,,,,,,,,,,,,,,,,,,,,,,,,,,,,,,,,,,,,,,,,,,,,,,,,,,,,,,,,,,,,,,,,,,,,,,,,,,,,,,,,,,,,,,,,,,,,,,,,,,,,,,,,,,,,,,,,,,,,,,,,,,,,,,,,,,,,,,,,,,,,,,,,,,,,,,,,,,,,,,,,,,,,,,,,,,,,,,,,,,,,,,,,,,,,,,,,,,,,,,,,,,,,,,,,,,,,,,,,,,,,,,,,,,,,,,,,,,,,,,,,,,,,,,,,,,,,,,,,,,,,,,,,,,,,,,,,,,,,,,,,,,,,,,,,,,
Language,Hindi  ,,,,,,,,,,,,,,,,,,,,,,,,,,,,,,,,,,,,,,,,,,,,,,,,,,,,,,,,,,,,,,,,,,,,,,,,,,,,,,,,,,,,,,,,,,,,,,,,,,,,,,,,,,,,,,,,,,,,,,,,,,,,,,,,,,,,,,,,,,,,,,,,,,,,,,,,,,,,,,,,,,,,,,,,,,,,,,,,,,,,,,,,,,,,,,,,,,,,,,,,,,,,,,,,,,,,,,,,,,,,,,,,,,,,,,,,,,,,,,,,,,,,,,,,,,,,,,,,,,,,,,,,,,,,,,,,,,,,,,,,,,,,,,,,,,,,,,,,,,,,,,,,,,,,,,,,,,,,,,,,,,,,,,,,,,,,,,,,,,,,,,,,,,,,,,,,,,,,,,,,,,,,,,,,,,,,,,,,,,,,,,,,,,,,,,,,,,,,,,,,,,,,,,,,,,,,,,,,,,,,,,,,,,,,,,,,,,,,,,,,,,,,,,,,,,,,,,,,,,,,,,,,,,,,,,,,,,,,,,,,,,,,,,,,,,,,,,,,,,,,,,,,,,,,,,,,,,,,,,,,,,,,,,,,,,,,,,,,,,,,,,,,,,,,,,,,,,,,,,,,,,,,,,,,,,
नमस्ते,धन्यवाद,सुप्रभात,शुभरात्रि,कृपया,माफ़,क्षमा,शुभकामनाएँ,अलविदा,कैसे,आप,क्या,कहाँ,क्यों,कौन,कब,यह,वह,यहाँ,वहाँ,मैं,तुम,हम,आपका,उसका,उनका,इसका,खुश,दुखी,गुस्सा,थका,भूखा,प्यासा,व्यस्त,मुक्त,तैयार,ठीक,खराब,मित्र,परिवार,प्यार,शादी,पिता,माँ,भाई,बहन,बेटा,बेटी,चाचा,चाची,मामा,मामी,दादा,दादी,नाना,नानी,भाई,बहनोई,भाभी,शिक्षक,विद्यार्थी,डॉक्टर,इंजीनियर,कलाकार,अभिनेता,गायक,नर्तक,लेखक,पत्रकार,पुलिस,सैनिक,पायलट,किसान,नर्स,नेता,वैज्ञानिक,मित्रता,दुश्मनी,शत्रुता,सपना,विचार,योजना,समस्या,समाधान,कहानी,वास्तविकता,मिथक,संगीत,पुस्तक,पढ़ाई,लिखाई,प्रेम,दु:ख,आशा,आत्मविश्वास,शांति,धैर्य,साहस,विनम्रता,समर्पण,समय,घड़ी,तारीख,दशक,सदी,शताब्दी,ऋतु,शीत,ग्रीष्म,वसंत,पतझड़,सर्दी,गर्मी,मानसून,बारिश,बर्फ,हवा,तूफ़ान,बादल,सूरज,पृथ्वी,आकाश,पहाड़,समुद्र,नदी,तालाब,वन,पेड़,फूल,पौधा,जानवर,पक्षी,मछली,कुत्ता,बिल्ली,गाय,घोड़ा,शेर,बाघ,हाथी,लोमड़ी,भालू,मगरमच्छ,डॉल्फिन,गरुड़,तोता,मोर,उल्लू,कबूतर,कौआ,तितली,चींटी,मधुमक्खी,मकड़ी,खाना,पानी,दूध,रस,चाय,कॉफी,दाल,सब्ज़ी,फल,पनीर,दही,चावल,आटा,मांस,अंडा,रोटी,सलाद,सूप,पिज़्ज़ा,सैंडविच,पेस्ट्री,चॉकलेट,कैंडी,केक,मिठाई,सेब,केला,संतरा,अंगूर,नींबू,आम,नाशपाती,तरबूज,अनानास,नारियल,पपीता,कीवी,अनार,कंप्यूटर,माउस,कीबोर्ड,प्रिंटर,मोबाइल,इंटरनेट,ईमेल,चिट्ठी,समाचार,पत्रिका,कहानी,कविता,गीत,वीडियो,फिल्म,सीरियल,चैनल,दूरदर्शन,मैसेज,प्रश्न,उत्तर,सवाल,उत्तरदायित्व,रिपोर्ट,निबंध,लेख,तथ्य,धोखा,सत्य,झूठ,निर्णय,समझौता,विवाह,खेल,प्रतियोगिता,पुरस्कार,सर्टिफिकेट,ट्रॉफी,परीक्षा,अवसर,मौका,संघर्ष,यात्रा,योजनाएँ,प्रोजेक्ट,मिशन,संस्कृति,विरासत,शिक्षा,ज्ञान,सपनों,उम्मीदें,युवक,महिला,बच्चे,बुजुर्ग,दोस्ती,विज्ञान,कला,धर्म,इतिहास,भविष्य,परिवार,आधार,संघर्ष,शांति,विकास,सफलता,प्रगति,मूल्य,सम्मान,संपत्ति,ज्ञान,धैर्य,समर्पण,विश्वास,मित्रता,कर्तव्य,न्याय,सहयोग,आशा,सपने,साहस,सत्य,सपनों,संबंध,प्रेम,संवेदनाएँ,संगीत,चित्रकला,चित्र,यात्रा,दृश्य,योजना,पढ़ाई,लिखाई,विचार,क्रांति,स्वास्थ्य,स्वच्छता,योग,प्राणायाम,अध्यात्म,मेडिटेशन,आध्यात्मिकता,जीवन,मृत्यु,संदेश,ज्ञान,स्मृति,भविष्य,वर्तमान,भूत,समय,क्षमता,नियति,संसार,दुनिया,,,,,,,,,,,,,,,,,,,,,,,,,,,,,,,,,,,,,,,,,,,,,,,,,,,,,,,,,,,,,,,,,,,,,,,,,,,,,,,,,,,,,,,,,,,,,,,,,,,,,,,,,,,,,,,,,,,,,,,,,,,,,,,,,,,,,,,,,,,,,,,,,,,,,,,,,,,,,,,,,,,,,,,,,,,,,,,,,,,,,,,,,,,,,,,,,,,,,,,,,,,,,,,,,,,,,,,,,,,,,,,,,,,,,,,,,,,,,,,,,,,,,,,,,,,,,,,,,,,,,,
,,,,,,,,,,,,,,,,,,,,,,,,,,,,,,,,,,,,,,,,,,,,,,,,,,,,,,,,,,,,,,,,,,,,,,,,,,,,,,,,,,,,,,,,,,,,,,,,,,,,,,,,,,,,,,,,,,,,,,,,,,,,,,,,,,,,,,,,,,,,,,,,,,,,,,,,,,,,,,,,,,,,,,,,,,,,,,,,,,,,,,,,,,,,,,,,,,,,,,,,,,,,,,,,,,,,,,,,,,,,,,,,,,,,,,,,,,,,,,,,,,,,,,,,,,,,,,,,,,,,,,,,,,,,,,,,,,,,,,,,,,,,,,,,,,,,,,,,,,,,,,,,,,,,,,,,,,,,,,,,,,,,,,,,,,,,,,,,,,,,,,,,,,,,,,,,,,,,,,,,,,,,,,,,,,,,,,,,,,,,,,,,,,,,,,,,,,,,,,,,,,,,,,,,,,,,,,,,,,,,,,,,,,,,,,,,,,,,,,,,,,,,,,,,,,,,,,,,,,,,,,,,,,,,,,,,,,,,,,,,,,,,,,,,,,,,,,,,,,,,,,,,,,,,,,,,,,,,,,,,,,,,,,,,,,,,,,,,,,,,,,,,,,,,,,,,,,,,,,,,,,,,,,,,,,,
Language,Gujarati  ,,,,,,,,,,,,,,,,,,,,,,,,,,,,,,,,,,,,,,,,,,,,,,,,,,,,,,,,,,,,,,,,,,,,,,,,,,,,,,,,,,,,,,,,,,,,,,,,,,,,,,,,,,,,,,,,,,,,,,,,,,,,,,,,,,,,,,,,,,,,,,,,,,,,,,,,,,,,,,,,,,,,,,,,,,,,,,,,,,,,,,,,,,,,,,,,,,,,,,,,,,,,,,,,,,,,,,,,,,,,,,,,,,,,,,,,,,,,,,,,,,,,,,,,,,,,,,,,,,,,,,,,,,,,,,,,,,,,,,,,,,,,,,,,,,,,,,,,,,,,,,,,,,,,,,,,,,,,,,,,,,,,,,,,,,,,,,,,,,,,,,,,,,,,,,,,,,,,,,,,,,,,,,,,,,,,,,,,,,,,,,,,,,,,,,,,,,,,,,,,,,,,,,,,,,,,,,,,,,,,,,,,,,,,,,,,,,,,,,,,,,,,,,,,,,,,,,,,,,,,,,,,,,,,,,,,,,,,,,,,,,,,,,,,,,,,,,,,,,,,,,,,,,,,,,,,,,,,,,,,,,,,,,,,,,,,,,,,,,,,,,,,,,,,,,,,,,,,,,,,,,,,,,,,,,
નમસ્તે,આભારી,શુભપ્રભાત,શુભરાત્રિ,કૃપા,માફ,માફ કરજો,શુભેચ્છાઓ,આવજો,કેવી રીતે,તમે,શું,ક્યાં,શા માટે,કોણ,ક્યારે,આ,તે,અહીં,ત્યાં,હું,તમે,અમે,તમારું,તેનું,તેમનું,આનું,ખુશ,દુ:ખી,ગુસ્સે,થાકેલું,ભૂખ્યું,તરસેલું,વ્યસ્ત,ખાલી,તૈયાર,બરાબર,ખરાબ,મિત્ર,પરિવાર,પ્રેમ,લગ્ન,પિતા,માતા,ભાઈ,બહેન,પુત્ર,પુત્રી,કાકા,કાકી,મામા,મામી,દાદા,દાદી,નાના,નાની,ભાઈ,બહેનાઈ,ભાભી,શિક્ષક,વિદ્યાર્થી,ડોક્ટર,ઇજનેર,કલાકાર,અભિનેતા,ગાયક,નૃત્યકાર,લેખક,પત્રકાર,પોલીસ,જવાન,પાઇલટ,કિસાન,નર્સ,નેતા,વૈજ્ઞાનિક,મિત્રતા,વિરોધ,શત્રુતા,સપનુ,વિચાર,યોજનાની,સમસ્યા,ઉકેલ,વાર્તા,વાસ્તવિકતા,મીથક,સંગીત,પુસ્તક,અભ્યાસ,લખાણ,પ્રેમ,દુ:ખ,આશા,આત્મવિશ્વાસ,શાંતિ,ધીરજ,સહસ,વિનમ્રતા,સમર્પણ,સમય,ઘડિયાળ,તારીખ,દાયક,સદી,શતાબ્દી,ઋતુ,શિયાળ,ઉનાળું,વસંત,પાનખર,હાડકાંવાળા,ગરમી,મોશન,વરસાદ,હિમ,પવન,વાવાઝોડું,વાદળ,સૂરજ,પૃથ્વી,આકાશ,પર્વત,સમુદ્ર,નદી,તળાવ,જંગલ,વૃક્ષ,ફૂલ,જડબાકોર,પ્રાણી,પક્ષી,માછલી,કૂતરો,બિલાડી,ગાય,ઘોડો,સિંહ,વાઘ,હાથી,લોભી,ભાલુ,કાચબો,ડોલફિન,ગરુડ,ટપુ,મોર,ઘુવડ,કબૂતર,કાગડો,પતંગિયા,માખી,મધમાખી,મકડી,ખોરાક,પાણી,દૂધ,રસ,ચા,કોફી,દાળ,શાકભાજી,ફળ,પનીર,દહી,ચોખા,ભાખરી,માછલી,અંડા,રોટી,કાછુંભું,સૂપ,પિઝા,સૅન્ડવિચ,પેસ્ટ્રી,ચૉકલેટ,મીઠાઇ,કૅન્ડી,કેક,મીઠાઇ,સફરજન,કેળું,નારંગી,દ્રાક્ષ,લીંબુ,આમ,નાસપાતી,તબરીજ,અનનસ,નાળિયેર,પપૈયું,કીવી,આનાર,કમ્પ્યુટર,માઉસ,કીબોર્ડ,પ્રિન્ટર,મોબાઇલ,ઇન્ટરનેટ,ઇમેઇલ,પત્ર,સમાચાર,મેગેઝિન,વાર્તા,કવિતા,ગીત,વિડિઓ,ફિલ્મ,સિરિયલ,ચેનલ,ટેલિવિઝન,મેસેજ,પ્રશ્ન,ઉત્તર,સવાલ,જવાબદારી,અહેવાલ,નિબંધ,લેખ,તથ્ય,છેતરપિંડી,સત્ય,ખોટું,નિણય,સંમતિ,લગ્ન,રમતો,સ્પર્ધા,ઇનામ,પ્રમાણપત્ર,ટ્રોફી,પરીક્ષા,તક,મોકો,સંઘર્ષ,પ્રવાસ,યોજનાઓ,પ્રોજેક્ટ,મિશન,સંસ્કૃતિ,વિરાસત,શિક્ષણ,જ્ઞાન,સપનાના,આશાઓ,યુવા,મહિલા,બાળકો,વૃદ્ધ,મિત્રતા,વિજ્ઞાન,કલાકૃતિ,ધર્મ,ઇતિહાસ,ભવિષ્ય,પરિવાર,આધાર,સંઘર્ષ,શાંતિ,વિકાસ,સફળતા,પ્રગતિ,મૂલ્યો,માન,સંપત્તિ,જ્ઞાન,ધીરજ,સમર્પણ,વિશ્વાસ,મિત્રતા,ફરજ,ન્યાય,સહકાર,આશા,સપનાઓ,સહસ,સત્ય,સંબંધો,પ્રેમ,સંવેદનાઓ,સંગીત,ચિત્રકળા,ચિત્રો,પ્રવાસ,નજારો,યોજનાઓ,અભ્યાસ,લેખન,વિચાર,ક્રાંતિ,સ્વાસ્થ્ય,સ્વચ્છતા,યોગ,પ્રાણાયામ,આધ્યાત્મિકતા,મેડિટેશન,આધ્યાત્મ,જીવન,મૃત્યુ,સંદેશા,જ્ઞાન,યાદ,ભવિષ્ય,વર્તમાન,ભૂતકાળ,સમય,ક્ષમતા,નિયતિ,સંસાર,દુનિયા,,,,,,,,,,,,,,,,,,,,,,,,,,,,,,,,,,,,,,,,,,,,,,,,,,,,,,,,,,,,,,,,,,,,,,,,,,,,,,,,,,,,,,,,,,,,,,,,,,,,,,,,,,,,,,,,,,,,,,,,,,,,,,,,,,,,,,,,,,,,,,,,,,,,,,,,,,,,,,,,,,,,,,,,,,,,,,,,,,,,,,,,,,,,,,,,,,,,,,,,,,,,,,,,,,,,,,,,,,,,,,,,,,,,,,,,,,,,,,,,,,,,,,,,,,,,,,,,,,,,,,,ગાંડુ,જેવી,કોલેજ,છે
